date,week,day,vehicle,mileage,road_time,kent_legs,revenue,mode,date_iso,week_normalized
46020,Week 1,Monday,101,152,8.6886111111111113,5,320.98,Wheelchair,2025-12-29,Week 1
46020,Week 1,Monday,102,103,7.7133333333333329,2,633,Wheelchair,2025-12-29,Week 1
46020,Week 1,Monday,103,117,7.0877777777777782,4,427,Wheelchair,2025-12-29,Week 1
46020,Week 1,Monday,105,135,7.3072222222222223,2,165,Wheelchair,2025-12-29,Week 1
46020,Week 1,Monday,106,144,8.5508333333333333,4,393,Wheelchair,2025-12-29,Week 1
46020,Week 1,Monday,108,147,8.9330555555555549,4,529,Wheelchair,2025-12-29,Week 1
46020,Week 1,Monday,109,130,10.42555555555556,4,1324.84,Wheelchair,2025-12-29,Week 1
46020,Week 1,Monday,110,151,6.8849999999999998,4.3519047619047617,203,Ambulatory,2025-12-29,Week 1
46020,Week 1,Monday,111,82,8.5747222222222224,6,673,Wheelchair,2025-12-29,Week 1
46020,Week 1,Monday,112,128,10.06361111111111,5.1428571428571423,356,Wheelchair,2025-12-29,Week 1
46020,Week 1,Monday,113,257,9.3544444444444448,5.3361904761904766,263.82,Ambulatory,2025-12-29,Week 1
46020,Week 1,Monday,115,217,7.4169444444444448,6,324.76,Ambulatory,2025-12-29,Week 1
46020,Week 1,Monday,116,192,7.5808333333333344,5,244.56,Ambulatory,2025-12-29,Week 1
46020,Week 1,Monday,117,164,7.2994444444444442,2,140,Ambulatory,2025-12-29,Week 1
46020,Week 1,Monday,120,166,9.793333333333333,6.7142857142857144,454,Wheelchair,2025-12-29,Week 1
46020,Week 1,Monday,121,65,0,1,251,Ambulatory,2025-12-29,Week 1
46020,Week 1,Monday,123,306,9.0694444444444446,7.8466666666666667,1100.08,Ambulatory,2025-12-29,Week 1
46020,Week 1,Monday,124,75,8.9102777777777771,11.794761904761906,759,Wheelchair,2025-12-29,Week 1
46020,Week 1,Monday,125,59,8,2,267,Wheelchair,2025-12-29,Week 1
46020,Week 1,Monday,126,221,8.3488888888888884,7.4919047619047614,540,Wheelchair,2025-12-29,Week 1
46020,Week 1,Monday,127,156,9.656944444444445,5,644,Wheelchair,2025-12-29,Week 1
46020,Week 1,Monday,128,97,6.1849999999999996,4,293.18,Wheelchair,2025-12-29,Week 1
46020,Week 1,Monday,129,73,8.168333333333333,5,409.5,Wheelchair,2025-12-29,Week 1
46020,Week 1,Monday,130,135,10.31583333333333,6,397.23,Wheelchair,2025-12-29,Week 1
46020,Week 1,Monday,132,211,8.5747222222222224,2,116.8,Wheelchair,2025-12-29,Week 1
46020,Week 1,Monday,133,76,7.6211111111111114,5,354,Wheelchair,2025-12-29,Week 1
46020,Week 1,Monday,134,238,11.266666666666669,8.3809523809523814,359.06,Wheelchair,2025-12-29,Week 1
46020,Week 1,Monday,135,117,8.0252777777777773,5,505,Wheelchair,2025-12-29,Week 1
46020,Week 1,Monday,136,236,10.414999999999999,5.666666666666667,285.70000000000005,Ambulatory,2025-12-29,Week 1
46020,Week 1,Monday,137,76,8.0161111111111119,3,169.7,Wheelchair,2025-12-29,Week 1
46021,Week 1,Tuesday,101,201,8.4008333333333329,7.6680952380952379,435.76,Wheelchair,2025-12-30,Week 1
46021,Week 1,Tuesday,102,197,13.261388888888888,9,602.49,Wheelchair,2025-12-30,Week 1
46021,Week 1,Tuesday,103,123,9.3702777777777779,6,368,Wheelchair,2025-12-30,Week 1
46021,Week 1,Tuesday,105,108,9.4169444444444448,5,443,Wheelchair,2025-12-30,Week 1
46021,Week 1,Tuesday,106,271,9.1858333333333331,8.2857142857142847,509.2,Wheelchair,2025-12-30,Week 1
46021,Week 1,Tuesday,107,239,8.0780555555555562,6.8095238095238093,490,Wheelchair,2025-12-30,Week 1
46021,Week 1,Tuesday,108,100,6.4369444444444444,5,392,Wheelchair,2025-12-30,Week 1
46021,Week 1,Tuesday,109,100,8.6386111111111106,6,411.27,Wheelchair,2025-12-30,Week 1
46021,Week 1,Tuesday,110,74,8.2141666666666673,3,120.82,Ambulatory,2025-12-30,Week 1
46021,Week 1,Tuesday,111,112,8.661944444444444,5,1185,Wheelchair,2025-12-30,Week 1
46021,Week 1,Tuesday,112,145,9.2344444444444438,6,424.5,Wheelchair,2025-12-30,Week 1
46021,Week 1,Tuesday,113,95,8.1402777777777775,6,240.5,Ambulatory,2025-12-30,Week 1
46021,Week 1,Tuesday,114,382,13.490277777777777,9.9047619047619051,588,Wheelchair,2025-12-30,Week 1
46021,Week 1,Tuesday,115,505,13.113888888888891,9.0285714285714285,467.25,Ambulatory,2025-12-30,Week 1
46021,Week 1,Tuesday,116,462,12.048888888888889,11.447142857142858,503.08,Ambulatory,2025-12-30,Week 1
46021,Week 1,Tuesday,117,148,8.84,3,119.48,Ambulatory,2025-12-30,Week 1
46021,Week 1,Tuesday,120,276,0,7.3166666666666664,2090.67,Wheelchair,2025-12-30,Week 1
46021,Week 1,Tuesday,121,155,5.0452777777777778,4.3233333333333333,630.13,Ambulatory,2025-12-30,Week 1
46021,Week 1,Tuesday,124,136,9.926111111111112,7,487.8,Wheelchair,2025-12-30,Week 1
46021,Week 1,Tuesday,125,107,8.1905555555555551,5,336,Wheelchair,2025-12-30,Week 1
46021,Week 1,Tuesday,126,114,8,5,498,Wheelchair,2025-12-30,Week 1
46021,Week 1,Tuesday,127,184,8.4241666666666664,4,304,Wheelchair,2025-12-30,Week 1
46021,Week 1,Tuesday,128,173,9.5011111111111113,5.7333333333333334,342.33,Wheelchair,2025-12-30,Week 1
46021,Week 1,Tuesday,129,222,8.7925000000000004,6.7914285714285718,661.79,Wheelchair,2025-12-30,Week 1
46021,Week 1,Tuesday,130,125,10.456666666666671,7,412.63,Wheelchair,2025-12-30,Week 1
46021,Week 1,Tuesday,131,143,8.4008333333333329,4,469,Wheelchair,2025-12-30,Week 1
46021,Week 1,Tuesday,132,157,7.9794444444444448,4,255.05,Wheelchair,2025-12-30,Week 1
46021,Week 1,Tuesday,133,187,7.4,3,288,Wheelchair,2025-12-30,Week 1
46021,Week 1,Tuesday,134,141,8.3375000000000004,4,334.27,Wheelchair,2025-12-30,Week 1
46021,Week 1,Tuesday,135,198,8.1597222222222214,6.8095238095238093,374.5,Wheelchair,2025-12-30,Week 1
46021,Week 1,Tuesday,136,230,10.607222222222219,4,271.88,Ambulatory,2025-12-30,Week 1
46021,Week 1,Tuesday,137,84,9.9883333333333333,5,354,Wheelchair,2025-12-30,Week 1
46022,Week 1,Wednesday,102,272,10.695,9.1780952380952385,483.43999999999994,Wheelchair,2025-12-31,Week 1
46022,Week 1,Wednesday,103,229,10.426666666666669,6,288.45000000000005,Wheelchair,2025-12-31,Week 1
46022,Week 1,Wednesday,105,215,8.5024999999999995,9,675.03,Wheelchair,2025-12-31,Week 1
46022,Week 1,Wednesday,107,227,8.1777777777777771,4,275,Wheelchair,2025-12-31,Week 1
46022,Week 1,Wednesday,108,108,7.9816666666666656,6,421.5,Wheelchair,2025-12-31,Week 1
46022,Week 1,Wednesday,110,265,8.6941666666666659,8.6966666666666654,444.9,Ambulatory,2025-12-31,Week 1
46022,Week 1,Wednesday,111,113,8.5016666666666669,5,287.99,Wheelchair,2025-12-31,Week 1
46022,Week 1,Wednesday,112,101,5.8949999999999996,3,211.5,Wheelchair,2025-12-31,Week 1
46022,Week 1,Wednesday,113,271,10.37166666666667,10.376666666666667,448.14,Ambulatory,2025-12-31,Week 1
46022,Week 1,Wednesday,114,105,10.473055555555556,4,372,Wheelchair,2025-12-31,Week 1
46022,Week 1,Wednesday,116,369,11.42472222222222,9.5628571428571423,454,Ambulatory,2025-12-31,Week 1
46022,Week 1,Wednesday,120,122,8.1444444444444439,7,376.34000000000003,Wheelchair,2025-12-31,Week 1
46022,Week 1,Wednesday,123,70,7.7583333333333337,3.0823809523809524,439.15999999999997,Ambulatory,2025-12-31,Week 1
46022,Week 1,Wednesday,124,164,9.1738888888888894,9,1177.5800000000002,Wheelchair,2025-12-31,Week 1
46022,Week 1,Wednesday,127,133,6.4586111111111109,2,462,Wheelchair,2025-12-31,Week 1
46022,Week 1,Wednesday,128,133,8.506388888888889,9,582.70000000000005,Wheelchair,2025-12-31,Week 1
46022,Week 1,Wednesday,129,53,8.0038888888888895,3,160,Wheelchair,2025-12-31,Week 1
46022,Week 1,Wednesday,130,119,8.5363888888888884,6,423.5,Wheelchair,2025-12-31,Week 1
46022,Week 1,Wednesday,132,135,8.4869444444444451,5,297.5,Wheelchair,2025-12-31,Week 1
46022,Week 1,Wednesday,133,193,8.6733333333333338,7.0738095238095244,402.87,Wheelchair,2025-12-31,Week 1
46022,Week 1,Wednesday,134,133,8.0888888888888886,7,464,Wheelchair,2025-12-31,Week 1
46022,Week 1,Wednesday,136,443,10.458611111111111,11.051904761904762,458.18,Ambulatory,2025-12-31,Week 1
46023,Week 1,Thursday,109,144,8.3224999999999998,4,232.45999999999998,Wheelchair,2026-01-01,Week 1
46023,Week 1,Thursday,111,69,6.5805555555555557,3,728.61,Wheelchair,2026-01-01,Week 1
46023,Week 1,Thursday,120,461,7.0672222222222221,7.5238095238095237,387,Wheelchair,2026-01-01,Week 1
46023,Week 1,Thursday,123,445,4.7930555555555552,3.3242857142857143,468.26,Ambulatory,2026-01-01,Week 1
46023,Week 1,Thursday,128,66,9.2730555555555547,4,313.77999999999997,Wheelchair,2026-01-01,Week 1
46023,Week 1,Thursday,130,241,8.8086111111111105,7.5280952380952382,286.18,Wheelchair,2026-01-01,Week 1
46024,Week 1,Friday,102,181,7.2152777777777777,6.7576190476190474,505,Wheelchair,2026-01-02,Week 1
46024,Week 1,Friday,103,207,10.265000000000001,9.1742857142857144,639.96,Wheelchair,2026-01-02,Week 1
46024,Week 1,Friday,105,154,8.0969444444444445,5,480,Wheelchair,2026-01-02,Week 1
46024,Week 1,Friday,106,230,9.6388888888888893,10.76095238095238,764,Wheelchair,2026-01-02,Week 1
46024,Week 1,Friday,107,255,8.5483333333333338,5,298,Wheelchair,2026-01-02,Week 1
46024,Week 1,Friday,109,172,9.1041666666666661,8,583,Wheelchair,2026-01-02,Week 1
46024,Week 1,Friday,110,365,9.5730555555555554,8.394285714285715,370.14,Ambulatory,2026-01-02,Week 1
46024,Week 1,Friday,111,294,10.064722222222223,9.3647619047619042,750.81,Wheelchair,2026-01-02,Week 1
46024,Week 1,Friday,112,174,9.1269444444444439,6,373.5,Wheelchair,2026-01-02,Week 1
46024,Week 1,Friday,114,255,13.399166666666668,7,549,Wheelchair,2026-01-02,Week 1
46024,Week 1,Friday,120,165,8.1077777777777786,7,389.95000000000005,Wheelchair,2026-01-02,Week 1
46024,Week 1,Friday,121,149,2.9233333333333329,3.9838095238095237,558,Ambulatory,2026-01-02,Week 1
46024,Week 1,Friday,123,90,8.4241666666666664,1,140.41,Ambulatory,2026-01-02,Week 1
46024,Week 1,Friday,124,210,9.5519444444444446,6.3461904761904764,379.84000000000003,Wheelchair,2026-01-02,Week 1
46024,Week 1,Friday,125,168,10.125833333333331,8.7123809523809523,534.88000000000011,Wheelchair,2026-01-02,Week 1
46024,Week 1,Friday,126,381,9.9669444444444437,12.370000000000001,627.14,Wheelchair,2026-01-02,Week 1
46024,Week 1,Friday,129,194,8.3936111111111114,3,387,Wheelchair,2026-01-02,Week 1
46024,Week 1,Friday,132,153,5.6669444444444448,3,403,Wheelchair,2026-01-02,Week 1
46024,Week 1,Friday,133,225,9.4727777777777771,7,496,Wheelchair,2026-01-02,Week 1
46024,Week 1,Friday,134,214,10.03305555555556,6.17,556,Wheelchair,2026-01-02,Week 1
46024,Week 1,Friday,137,218,8.2827777777777776,5,421.25,Wheelchair,2026-01-02,Week 1
46025,Week 1,Saturday,102,85,8.0658333333333339,6,554.5,Wheelchair,2026-01-03,Week 1
46025,Week 1,Saturday,109,91,8,5,480,Wheelchair,2026-01-03,Week 1
46025,Week 1,Saturday,111,104,8,2,426,Wheelchair,2026-01-03,Week 1
46025,Week 1,Saturday,120,93,7.7741666666666669,6,877.55,Wheelchair,2026-01-03,Week 1
46025,Week 1,Saturday,121,78,0,1,131,Ambulatory,2026-01-03,Week 1
46025,Week 1,Saturday,127,167,3.2,3.8571428571428572,373.5,Wheelchair,2026-01-03,Week 1
46027,Week 2,Monday,101,113,8,6,374.32,Wheelchair,2026-01-05,Week 2
46027,Week 2,Monday,102,101,8,4,840.87,Wheelchair,2026-01-05,Week 2
46027,Week 2,Monday,103,242,8.4386111111111113,3.6704761904761902,718,Wheelchair,2026-01-05,Week 2
46027,Week 2,Monday,104,144,9.0669444444444451,6.5561904761904763,402,Wheelchair,2026-01-05,Week 2
46027,Week 2,Monday,105,160,7.4124999999999996,8,643,Wheelchair,2026-01-05,Week 2
46027,Week 2,Monday,106,167,9.3669444444444441,5.9523809523809526,453,Wheelchair,2026-01-05,Week 2
46027,Week 2,Monday,107,211,9.9627777777777773,9,663.53,Wheelchair,2026-01-05,Week 2
46027,Week 2,Monday,109,106,9.0855555555555547,8,630,Wheelchair,2026-01-05,Week 2
46027,Week 2,Monday,110,161,9.7725000000000009,5,320.82,Ambulatory,2026-01-05,Week 2
46027,Week 2,Monday,111,189,13.46111111111111,11,720.1,Wheelchair,2026-01-05,Week 2
46027,Week 2,Monday,112,143,7.2411111111111106,4,289.23,Wheelchair,2026-01-05,Week 2
46027,Week 2,Monday,113,188,9.8291666666666675,7,388.02,Ambulatory,2026-01-05,Week 2
46027,Week 2,Monday,114,149,7.6244444444444444,4,563,Wheelchair,2026-01-05,Week 2
46027,Week 2,Monday,115,188,7.4747222222222218,4.5942857142857143,374,Ambulatory,2026-01-05,Week 2
46027,Week 2,Monday,116,143,6.841388888888889,4,262.98,Ambulatory,2026-01-05,Week 2
46027,Week 2,Monday,117,47,8.7447222222222223,1,164,Ambulatory,2026-01-05,Week 2
46027,Week 2,Monday,119,111,7.7108333333333334,2,88.16,Ambulatory,2026-01-05,Week 2
46027,Week 2,Monday,120,151,9.4172222222222217,5,434,Wheelchair,2026-01-05,Week 2
46027,Week 2,Monday,121,283,7.4316666666666666,8.3566666666666656,1164.06,Ambulatory,2026-01-05,Week 2
46027,Week 2,Monday,123,202,12.09027777777778,4.9233333333333338,690.44999999999993,Ambulatory,2026-01-05,Week 2
46027,Week 2,Monday,124,229,5.8002777777777776,5.019047619047619,1354.3,Wheelchair,2026-01-05,Week 2
46027,Week 2,Monday,125,140,8,4,230.31,Wheelchair,2026-01-05,Week 2
46027,Week 2,Monday,126,141,8.5313888888888894,7,480.6,Wheelchair,2026-01-05,Week 2
46027,Week 2,Monday,127,142,6.81,5,485,Wheelchair,2026-01-05,Week 2
46027,Week 2,Monday,128,122,7.4952777777777779,5,311.48,Wheelchair,2026-01-05,Week 2
46027,Week 2,Monday,129,176,9.506388888888889,9.4285714285714288,448,Wheelchair,2026-01-05,Week 2
46027,Week 2,Monday,130,141,10,6,571,Wheelchair,2026-01-05,Week 2
46027,Week 2,Monday,131,110,8.4761111111111109,7,486.09999999999997,Wheelchair,2026-01-05,Week 2
46027,Week 2,Monday,133,119,7.5919444444444446,8,397.2,Wheelchair,2026-01-05,Week 2
46027,Week 2,Monday,134,221,9.8894444444444449,8.9523809523809526,479.69,Wheelchair,2026-01-05,Week 2
46027,Week 2,Monday,135,148,8,7,440.72,Wheelchair,2026-01-05,Week 2
46027,Week 2,Monday,136,129,10.429722222222219,4,363,Ambulatory,2026-01-05,Week 2
46027,Week 2,Monday,137,88,8.1355555555555554,5,330.62,Wheelchair,2026-01-05,Week 2
46028,Week 2,Tuesday,101,179,8.2769444444444442,6.8390476190476193,432.53999999999996,Wheelchair,2026-01-06,Week 2
46028,Week 2,Tuesday,102,162,11.034444444444444,6,487,Wheelchair,2026-01-06,Week 2
46028,Week 2,Tuesday,103,225,9.3949999999999996,8.156190476190476,571.55999999999995,Wheelchair,2026-01-06,Week 2
46028,Week 2,Tuesday,104,193,8.3491666666666671,7,427.87,Wheelchair,2026-01-06,Week 2
46028,Week 2,Tuesday,105,158,8.7874999999999996,4,454,Wheelchair,2026-01-06,Week 2
46028,Week 2,Tuesday,106,163,9.1419444444444444,6.8571428571428577,436,Wheelchair,2026-01-06,Week 2
46028,Week 2,Tuesday,107,122,6.8661111111111106,6,440.05,Wheelchair,2026-01-06,Week 2
46028,Week 2,Tuesday,108,169,7.921388888888889,5,350.23,Wheelchair,2026-01-06,Week 2
46028,Week 2,Tuesday,109,114,9.9863888888888894,9,516.78,Wheelchair,2026-01-06,Week 2
46028,Week 2,Tuesday,110,264,9.3008333333333333,8.9033333333333342,495.12,Ambulatory,2026-01-06,Week 2
46028,Week 2,Tuesday,111,145,8.9347222222222218,8,1384.39,Wheelchair,2026-01-06,Week 2
46028,Week 2,Tuesday,112,131,9.4283333333333328,5,497,Wheelchair,2026-01-06,Week 2
46028,Week 2,Tuesday,113,218,7.5538888888888893,7.4371428571428577,339.36,Ambulatory,2026-01-06,Week 2
46028,Week 2,Tuesday,114,245,12.747222222222224,9,604.29,Wheelchair,2026-01-06,Week 2
46028,Week 2,Tuesday,115,239,7.8224999999999998,7.8942857142857141,320.42,Ambulatory,2026-01-06,Week 2
46028,Week 2,Tuesday,116,294,11.618333333333331,9.4395238095238092,422.46,Ambulatory,2026-01-06,Week 2
46028,Week 2,Tuesday,117,165,8.3533333333333335,4.9119047619047613,275,Ambulatory,2026-01-06,Week 2
46028,Week 2,Tuesday,120,145,0,3,979.99,Wheelchair,2026-01-06,Week 2
46028,Week 2,Tuesday,123,88,8.8311111111111114,4,561.64,Ambulatory,2026-01-06,Week 2
46028,Week 2,Tuesday,124,158,8.4905555555555559,6,702,Wheelchair,2026-01-06,Week 2
46028,Week 2,Tuesday,125,157,9.2683333333333326,6,417.84000000000003,Wheelchair,2026-01-06,Week 2
46028,Week 2,Tuesday,126,231,8.5980555555555558,8.9523809523809526,639.72,Wheelchair,2026-01-06,Week 2
46028,Week 2,Tuesday,127,114,7.9175000000000004,6,578,Wheelchair,2026-01-06,Week 2
46028,Week 2,Tuesday,128,312,9.9227777777777781,2,86.53,Wheelchair,2026-01-06,Week 2
46028,Week 2,Tuesday,129,150,8.5330555555555563,1,41,Wheelchair,2026-01-06,Week 2
46028,Week 2,Tuesday,130,162,10.891388888888891,10,601.07999999999993,Wheelchair,2026-01-06,Week 2
46028,Week 2,Tuesday,131,224,9.7808333333333337,10,699.5200000000001,Wheelchair,2026-01-06,Week 2
46028,Week 2,Tuesday,132,169,8.7333333333333325,9.9523809523809526,595,Wheelchair,2026-01-06,Week 2
46028,Week 2,Tuesday,133,174,7.7055555555555557,9,576.54999999999995,Wheelchair,2026-01-06,Week 2
46028,Week 2,Tuesday,134,192,8.1347222222222229,7.0952380952380949,351.26,Wheelchair,2026-01-06,Week 2
46028,Week 2,Tuesday,135,109,8.068888888888889,4,327,Wheelchair,2026-01-06,Week 2
46028,Week 2,Tuesday,136,106,10.384444444444441,5,298,Ambulatory,2026-01-06,Week 2
46028,Week 2,Tuesday,137,127,9.5166666666666675,9,527.54999999999995,Wheelchair,2026-01-06,Week 2
46029,Week 2,Wednesday,101,157,9.9705555555555563,7.5876190476190475,480.77,Wheelchair,2026-01-07,Week 2
46029,Week 2,Wednesday,102,269,10.59027777777778,9.2333333333333343,450.17,Wheelchair,2026-01-07,Week 2
46029,Week 2,Wednesday,103,196,10.767777777777781,10.035714285714285,632.17000000000007,Wheelchair,2026-01-07,Week 2
46029,Week 2,Wednesday,104,251,11.560555555555556,8,669.45,Wheelchair,2026-01-07,Week 2
46029,Week 2,Wednesday,105,155,8.2044444444444444,8,615.15,Wheelchair,2026-01-07,Week 2
46029,Week 2,Wednesday,106,222,9.2991666666666664,10.186666666666667,528.98,Wheelchair,2026-01-07,Week 2
46029,Week 2,Wednesday,107,273,8.580277777777777,4,395,Wheelchair,2026-01-07,Week 2
46029,Week 2,Wednesday,108,81,7.6638888888888888,6,419.44,Wheelchair,2026-01-07,Week 2
46029,Week 2,Wednesday,109,199,8.9241666666666664,9,639.94000000000005,Wheelchair,2026-01-07,Week 2
46029,Week 2,Wednesday,110,316,10.366944444444441,8.1576190476190469,437.12,Ambulatory,2026-01-07,Week 2
46029,Week 2,Wednesday,111,159,8.7358333333333338,6,382.02,Wheelchair,2026-01-07,Week 2
46029,Week 2,Wednesday,112,209,8.9741666666666671,6.0952380952380949,465,Wheelchair,2026-01-07,Week 2
46029,Week 2,Wednesday,113,312,10.78694444444444,9.4847619047619052,416.78000000000003,Ambulatory,2026-01-07,Week 2
46029,Week 2,Wednesday,114,268,15.002222222222223,13,820,Wheelchair,2026-01-07,Week 2
46029,Week 2,Wednesday,115,369,8.6961111111111116,9.9066666666666663,426.65999999999997,Ambulatory,2026-01-07,Week 2
46029,Week 2,Wednesday,116,442,11.650833333333329,17.279523809523809,751.39999999999986,Ambulatory,2026-01-07,Week 2
46029,Week 2,Wednesday,117,291,8.3022222222222215,6.7780952380952382,280.41999999999996,Ambulatory,2026-01-07,Week 2
46029,Week 2,Wednesday,119,296,8.1524999999999999,4,241.3,Ambulatory,2026-01-07,Week 2
46029,Week 2,Wednesday,120,299,9.6477777777777778,6.7628571428571425,454.03000000000003,Wheelchair,2026-01-07,Week 2
46029,Week 2,Wednesday,121,51,4.4191666666666656,2,270,Ambulatory,2026-01-07,Week 2
46029,Week 2,Wednesday,123,538,15.724166666666667,3,421.23,Ambulatory,2026-01-07,Week 2
46029,Week 2,Wednesday,124,161,8.6641666666666666,7,492,Wheelchair,2026-01-07,Week 2
46029,Week 2,Wednesday,125,182,9.4436111111111103,9,506.1,Wheelchair,2026-01-07,Week 2
46029,Week 2,Wednesday,126,168,9.4236111111111107,7.0504761904761901,469.95000000000005,Wheelchair,2026-01-07,Week 2
46029,Week 2,Wednesday,127,138,8.3702777777777779,4,396,Wheelchair,2026-01-07,Week 2
46029,Week 2,Wednesday,128,258,8.3566666666666674,8,554.70999999999992,Wheelchair,2026-01-07,Week 2
46029,Week 2,Wednesday,129,66,8.1263888888888882,3,637,Wheelchair,2026-01-07,Week 2
46029,Week 2,Wednesday,130,341,9.2986111111111107,8.5142857142857142,492.6,Wheelchair,2026-01-07,Week 2
46029,Week 2,Wednesday,131,143,8.8894444444444449,8,447.34,Wheelchair,2026-01-07,Week 2
46029,Week 2,Wednesday,132,155,8.3638888888888889,6,452,Wheelchair,2026-01-07,Week 2
46029,Week 2,Wednesday,133,137,7.423055555555556,8,517,Wheelchair,2026-01-07,Week 2
46029,Week 2,Wednesday,134,140,9.4386111111111113,5,430,Wheelchair,2026-01-07,Week 2
46029,Week 2,Wednesday,135,183,8.0733333333333341,6,426.35,Wheelchair,2026-01-07,Week 2
46029,Week 2,Wednesday,136,439,10.33611111111111,12.176666666666666,540.42000000000007,Ambulatory,2026-01-07,Week 2
46029,Week 2,Wednesday,137,213,8.1583333333333332,6.5842857142857145,337.35,Wheelchair,2026-01-07,Week 2
46030,Week 2,Thursday,101,152,9.2133333333333329,9,493.15999999999997,Wheelchair,2026-01-08,Week 2
46030,Week 2,Thursday,102,376,7.3386111111111108,10.938095238095238,2135,Wheelchair,2026-01-08,Week 2
46030,Week 2,Thursday,103,168,10,7.1928571428571431,377.47,Wheelchair,2026-01-08,Week 2
46030,Week 2,Thursday,104,73,5.7827777777777776,6,318.20000000000005,Wheelchair,2026-01-08,Week 2
46030,Week 2,Thursday,105,137,7.8544444444444448,7,494,Wheelchair,2026-01-08,Week 2
46030,Week 2,Thursday,106,264,10,7.411428571428571,494.61,Wheelchair,2026-01-08,Week 2
46030,Week 2,Thursday,107,178,7.588055555555556,8.7142857142857153,406.5,Wheelchair,2026-01-08,Week 2
46030,Week 2,Thursday,108,160,7.9272222222222224,5,476,Wheelchair,2026-01-08,Week 2
46030,Week 2,Thursday,109,253,8.4088888888888889,9.0990476190476191,395.53999999999996,Wheelchair,2026-01-08,Week 2
46030,Week 2,Thursday,110,193,8,6.9057142857142857,312.77999999999997,Ambulatory,2026-01-08,Week 2
46030,Week 2,Thursday,111,275,8.0316666666666663,5.8571428571428577,1522,Wheelchair,2026-01-08,Week 2
46030,Week 2,Thursday,112,106,9.1336111111111116,4,308.13,Wheelchair,2026-01-08,Week 2
46030,Week 2,Thursday,113,313,10.41333333333333,7.0852380952380951,299,Ambulatory,2026-01-08,Week 2
46030,Week 2,Thursday,114,306,11.453611111111112,11.712380952380952,918,Wheelchair,2026-01-08,Week 2
46030,Week 2,Thursday,115,242,8.036944444444444,8.36095238095238,977.36000000000013,Ambulatory,2026-01-08,Week 2
46030,Week 2,Thursday,116,379,10.500833333333331,16.940952380952382,720.54,Ambulatory,2026-01-08,Week 2
46030,Week 2,Thursday,117,222,7.8630555555555546,8.1366666666666667,304.74,Ambulatory,2026-01-08,Week 2
46030,Week 2,Thursday,119,156,6.9983333333333331,6,329.24,Ambulatory,2026-01-08,Week 2
46030,Week 2,Thursday,120,171,9.448888888888888,8.408095238095239,585,Wheelchair,2026-01-08,Week 2
46030,Week 2,Thursday,121,27,0,1,108,Ambulatory,2026-01-08,Week 2
46030,Week 2,Thursday,123,88,9,1,63.92,Ambulatory,2026-01-08,Week 2
46030,Week 2,Thursday,124,145,7.4766666666666666,5,564.81000000000006,Wheelchair,2026-01-08,Week 2
46030,Week 2,Thursday,125,98,8,3,202,Wheelchair,2026-01-08,Week 2
46030,Week 2,Thursday,126,164,12.308888888888889,8,498.54,Wheelchair,2026-01-08,Week 2
46030,Week 2,Thursday,127,204,9.112222222222222,8.5238095238095237,609,Wheelchair,2026-01-08,Week 2
46030,Week 2,Thursday,128,256,7.9713888888888889,2,86.53,Wheelchair,2026-01-08,Week 2
46030,Week 2,Thursday,129,251,8.6291666666666664,6.5714285714285712,417.13,Wheelchair,2026-01-08,Week 2
46030,Week 2,Thursday,130,148,9.1724999999999994,5,407,Wheelchair,2026-01-08,Week 2
46030,Week 2,Thursday,131,310,9.3650000000000002,5,348.13,Wheelchair,2026-01-08,Week 2
46030,Week 2,Thursday,132,161,8,6,330.4,Wheelchair,2026-01-08,Week 2
46030,Week 2,Thursday,133,103,7.14,5,318,Wheelchair,2026-01-08,Week 2
46030,Week 2,Thursday,134,215,10.10777777777778,9.2228571428571424,522.54999999999995,Wheelchair,2026-01-08,Week 2
46030,Week 2,Thursday,135,181,8.7647222222222219,6,498,Wheelchair,2026-01-08,Week 2
46030,Week 2,Thursday,136,316,10.58722222222222,9.6738095238095241,445.58000000000004,Ambulatory,2026-01-08,Week 2
46030,Week 2,Thursday,137,168,8.4052777777777781,8,529,Wheelchair,2026-01-08,Week 2
46031,Week 2,Friday,101,137,7.8580555555555556,10,533.70000000000005,Wheelchair,2026-01-09,Week 2
46031,Week 2,Friday,102,142,7.0163888888888888,8,643,Wheelchair,2026-01-09,Week 2
46031,Week 2,Friday,103,210,7.9722222222222223,8.668095238095237,479.65,Wheelchair,2026-01-09,Week 2
46031,Week 2,Friday,104,170,8.1483333333333334,8.074761904761905,465,Ambulatory,2026-01-09,Week 2
46031,Week 2,Friday,105,178,10.33138888888889,8.581904761904763,532.51,Wheelchair,2026-01-09,Week 2
46031,Week 2,Friday,106,273,9.0919444444444437,7,399.53,Wheelchair,2026-01-09,Week 2
46031,Week 2,Friday,107,237,8.2675000000000001,9.4390476190476189,607.17000000000007,Wheelchair,2026-01-09,Week 2
46031,Week 2,Friday,108,74,6.7561111111111112,4,276,Wheelchair,2026-01-09,Week 2
46031,Week 2,Friday,109,179,9.5344444444444445,6,369.37,Wheelchair,2026-01-09,Week 2
46031,Week 2,Friday,110,162,7.3486111111111114,5.074761904761905,228.6,Ambulatory,2026-01-09,Week 2
46031,Week 2,Friday,111,136,7.5808333333333344,4,1114,Wheelchair,2026-01-09,Week 2
46031,Week 2,Friday,113,304,11.025833333333329,13.202380952380953,549.42000000000007,Ambulatory,2026-01-09,Week 2
46031,Week 2,Friday,114,230,11.866666666666667,10,657.47,Wheelchair,2026-01-09,Week 2
46031,Week 2,Friday,115,292,9.2694444444444439,11.105238095238096,685.63,Ambulatory,2026-01-09,Week 2
46031,Week 2,Friday,116,355,7.293333333333333,11.571428571428571,717.5,Ambulatory,2026-01-09,Week 2
46031,Week 2,Friday,117,296,9.8283333333333331,4.8542857142857141,218.38,Ambulatory,2026-01-09,Week 2
46031,Week 2,Friday,120,147,9.5152777777777775,8,616.19000000000005,Wheelchair,2026-01-09,Week 2
46031,Week 2,Friday,121,187,0,1,140.41,Ambulatory,2026-01-09,Week 2
46031,Week 2,Friday,124,322,0,5.0061904761904765,1351.73,Wheelchair,2026-01-09,Week 2
46031,Week 2,Friday,125,325,8,9.5733333333333341,506.28,Wheelchair,2026-01-09,Week 2
46031,Week 2,Friday,126,207,10.24722222222222,9.4919047619047614,584.88,Wheelchair,2026-01-09,Week 2
46031,Week 2,Friday,129,127,8.5,5,446.37,Wheelchair,2026-01-09,Week 2
46031,Week 2,Friday,130,213,11.122777777777779,8,501,Wheelchair,2026-01-09,Week 2
46031,Week 2,Friday,131,220,9,8.3280952380952389,1567.43,Wheelchair,2026-01-09,Week 2
46031,Week 2,Friday,132,238,8.0694444444444446,6.8095238095238093,463,Wheelchair,2026-01-09,Week 2
46031,Week 2,Friday,133,224,8.3038888888888884,8.2842857142857138,563.41,Wheelchair,2026-01-09,Week 2
46031,Week 2,Friday,134,156,8.1286111111111108,7,482,Wheelchair,2026-01-09,Week 2
46031,Week 2,Friday,135,279,8.4505555555555549,7.8095238095238093,469.13,Wheelchair,2026-01-09,Week 2
46031,Week 2,Friday,136,166,10.986111111111111,7,537.72,Ambulatory,2026-01-09,Week 2
46031,Week 2,Friday,137,228,8.6316666666666659,8.7542857142857144,510.06000000000006,Wheelchair,2026-01-09,Week 2
46032,Week 2,Saturday,111,129,6.8963888888888887,5,1090,Wheelchair,2026-01-10,Week 2
46032,Week 2,Saturday,120,84,7.9211111111111112,6,412.66999999999996,Wheelchair,2026-01-10,Week 2
46032,Week 2,Saturday,124,169,6.9883333333333333,4,240.46,Wheelchair,2026-01-10,Week 2
46032,Week 2,Saturday,126,121,5.665,3,220.29,Wheelchair,2026-01-10,Week 2
46032,Week 2,Saturday,128,88,6.9644444444444442,5,304.79000000000002,Wheelchair,2026-01-10,Week 2
46034,Week 3,Monday,101,124,7.6813888888888888,7,438,Wheelchair,2026-01-12,Week 3
46034,Week 3,Monday,102,163,8.6030555555555548,8,647,Wheelchair,2026-01-12,Week 3
46034,Week 3,Monday,103,80,6.5363888888888892,4,243.88,Wheelchair,2026-01-12,Week 3
46034,Week 3,Monday,105,123,7.8277777777777784,5,500,Wheelchair,2026-01-12,Week 3
46034,Week 3,Monday,106,213,9.0519444444444446,5.0038095238095242,616,Wheelchair,2026-01-12,Week 3
46034,Week 3,Monday,107,213,10.2875,9,607,Wheelchair,2026-01-12,Week 3
46034,Week 3,Monday,108,106,4.2233333333333336,3.5714285714285712,217,Wheelchair,2026-01-12,Week 3
46034,Week 3,Monday,109,216,7.53,6.6938095238095237,342.81,Wheelchair,2026-01-12,Week 3
46034,Week 3,Monday,110,295,8.5047222222222221,9.0300000000000011,436,Ambulatory,2026-01-12,Week 3
46034,Week 3,Monday,111,185,11.965277777777779,11,710,Wheelchair,2026-01-12,Week 3
46034,Week 3,Monday,112,295,7.9130555555555553,6.7142857142857144,745,Wheelchair,2026-01-12,Week 3
46034,Week 3,Monday,113,363,10.590833333333332,10.174285714285714,452.43,Ambulatory,2026-01-12,Week 3
46034,Week 3,Monday,114,70,7.2416666666666663,2,181,Wheelchair,2026-01-12,Week 3
46034,Week 3,Monday,115,241,7.2552777777777777,4.9766666666666666,230.5,Ambulatory,2026-01-12,Week 3
46034,Week 3,Monday,116,278,7.7911111111111113,5.9990476190476194,265.56,Ambulatory,2026-01-12,Week 3
46034,Week 3,Monday,117,356,8.3441666666666663,8.8704761904761895,360.18,Ambulatory,2026-01-12,Week 3
46034,Week 3,Monday,120,165,8.9666666666666668,8,496.16999999999996,Wheelchair,2026-01-12,Week 3
46034,Week 3,Monday,121,376,7.7,7.583333333333333,1049.6300000000001,Ambulatory,2026-01-12,Week 3
46034,Week 3,Monday,124,125,7.3094444444444449,4,419,Wheelchair,2026-01-12,Week 3
46034,Week 3,Monday,125,124,8.443888888888889,8,484,Wheelchair,2026-01-12,Week 3
46034,Week 3,Monday,126,160,9.2055555555555557,6.3728571428571428,286.41999999999996,Wheelchair,2026-01-12,Week 3
46034,Week 3,Monday,127,241,9.8155555555555551,7.5714285714285712,614,Wheelchair,2026-01-12,Week 3
46034,Week 3,Monday,128,355,11.78888888888889,12.86,786.05,Wheelchair,2026-01-12,Week 3
46034,Week 3,Monday,129,156,8.2791666666666668,3,195.5,Wheelchair,2026-01-12,Week 3
46034,Week 3,Monday,130,262,10.43638888888889,9.7009523809523799,686,Wheelchair,2026-01-12,Week 3
46034,Week 3,Monday,131,427,9.1875,11.22952380952381,618,Wheelchair,2026-01-12,Week 3
46034,Week 3,Monday,132,142,8.2550000000000008,4,363,Wheelchair,2026-01-12,Week 3
46034,Week 3,Monday,133,205,8.8802777777777777,5.7619047619047619,336.07,Wheelchair,2026-01-12,Week 3
46034,Week 3,Monday,134,167,9.2050000000000001,7,441.11,Wheelchair,2026-01-12,Week 3
46034,Week 3,Monday,135,152,8.7205555555555563,6,374.35,Wheelchair,2026-01-12,Week 3
46034,Week 3,Monday,136,275,10.29666666666667,11.153333333333332,485.64,Ambulatory,2026-01-12,Week 3
46034,Week 3,Monday,137,116,9.4519444444444449,4,311.02,Wheelchair,2026-01-12,Week 3
46035,Week 3,Tuesday,101,179,9.0455555555555556,5,426,Wheelchair,2026-01-13,Week 3
46035,Week 3,Tuesday,102,340,12.305,10.994285714285715,692.83999999999992,Wheelchair,2026-01-13,Week 3
46035,Week 3,Tuesday,103,155,9.4555555555555557,6,404.52000000000004,Wheelchair,2026-01-13,Week 3
46035,Week 3,Tuesday,105,155,9.6402777777777775,7,442.15999999999997,Wheelchair,2026-01-13,Week 3
46035,Week 3,Tuesday,106,330,10,11.28047619047619,706,Wheelchair,2026-01-13,Week 3
46035,Week 3,Tuesday,107,60,7.1005555555555553,3,164.9,Wheelchair,2026-01-13,Week 3
46035,Week 3,Tuesday,108,107,7.6974999999999998,6,484.24,Wheelchair,2026-01-13,Week 3
46035,Week 3,Tuesday,109,202,11.028611111111109,7,622,Wheelchair,2026-01-13,Week 3
46035,Week 3,Tuesday,110,232,9.1272222222222226,8.0085714285714289,336,Ambulatory,2026-01-13,Week 3
46035,Week 3,Tuesday,111,207,8.1300000000000008,9,963,Wheelchair,2026-01-13,Week 3
46035,Week 3,Tuesday,112,184,7.2508333333333335,5,330.27,Wheelchair,2026-01-13,Week 3
46035,Week 3,Tuesday,113,285,8.0969444444444445,8.7847619047619041,574.56999999999994,Ambulatory,2026-01-13,Week 3
46035,Week 3,Tuesday,114,306,12.756666666666668,9,626.9,Wheelchair,2026-01-13,Week 3
46035,Week 3,Tuesday,115,259,8.3983333333333334,9.6952380952380963,507.68000000000006,Ambulatory,2026-01-13,Week 3
46035,Week 3,Tuesday,116,516,12.897500000000001,18.61095238095238,988.47,Ambulatory,2026-01-13,Week 3
46035,Week 3,Tuesday,117,229,8.0886111111111116,12.133809523809525,507.81000000000006,Ambulatory,2026-01-13,Week 3
46035,Week 3,Tuesday,120,297,10.281388888888889,11.416666666666668,1017,Wheelchair,2026-01-13,Week 3
46035,Week 3,Tuesday,121,34,0,2,239,Ambulatory,2026-01-13,Week 3
46035,Week 3,Tuesday,123,102,9,5,585.65,Ambulatory,2026-01-13,Week 3
46035,Week 3,Tuesday,124,217,8.4922222222222228,7.946190476190476,419.24,Wheelchair,2026-01-13,Week 3
46035,Week 3,Tuesday,125,254,8.6074999999999999,10,592.67999999999995,Wheelchair,2026-01-13,Week 3
46035,Week 3,Tuesday,126,267,8.7769444444444442,9.9314285714285724,593.67999999999995,Wheelchair,2026-01-13,Week 3
46035,Week 3,Tuesday,127,204,10.16111111111111,11,786.91000000000008,Wheelchair,2026-01-13,Week 3
46035,Week 3,Tuesday,128,207,8.4383333333333326,9,603.52,Wheelchair,2026-01-13,Week 3
46035,Week 3,Tuesday,129,134,8,7,598.16000000000008,Wheelchair,2026-01-13,Week 3
46035,Week 3,Tuesday,130,282,10,8.2980952380952377,117,Wheelchair,2026-01-13,Week 3
46035,Week 3,Tuesday,131,152,9.4652777777777786,6,474,Wheelchair,2026-01-13,Week 3
46035,Week 3,Tuesday,132,179,8.8272222222222219,9.9523809523809526,593.63,Wheelchair,2026-01-13,Week 3
46035,Week 3,Tuesday,133,135,7.4272222222222224,7,458.16999999999996,Wheelchair,2026-01-13,Week 3
46035,Week 3,Tuesday,134,266,8.2930555555555561,6.9995238095238097,409.98,Wheelchair,2026-01-13,Week 3
46035,Week 3,Tuesday,135,116,8.1211111111111105,5,441,Wheelchair,2026-01-13,Week 3
46035,Week 3,Tuesday,136,285,10,13.476190476190476,3084,Ambulatory,2026-01-13,Week 3
46035,Week 3,Tuesday,137,363,10,9.7404761904761905,466.39000000000004,Wheelchair,2026-01-13,Week 3
46036,Week 3,Wednesday,101,171,8.2452777777777779,9,686.16,Wheelchair,2026-01-14,Week 3
46036,Week 3,Wednesday,102,381,9.8586111111111112,9.7542857142857144,548.81999999999994,Wheelchair,2026-01-14,Week 3
46036,Week 3,Wednesday,103,136,10.85777777777778,6.0223809523809528,650,Wheelchair,2026-01-14,Week 3
46036,Week 3,Wednesday,105,246,9,12,736.71999999999991,Wheelchair,2026-01-14,Week 3
46036,Week 3,Wednesday,106,245,8.9316666666666666,6.1157142857142857,503.30999999999995,Wheelchair,2026-01-14,Week 3
46036,Week 3,Wednesday,107,142,8.6050000000000004,8.2676190476190463,522.61,Wheelchair,2026-01-14,Week 3
46036,Week 3,Wednesday,108,89,5.9122222222222218,4.4252380952380959,188.32999999999998,Wheelchair,2026-01-14,Week 3
46036,Week 3,Wednesday,109,150,8.5552777777777784,9,495.95,Wheelchair,2026-01-14,Week 3
46036,Week 3,Wednesday,110,279,9.0558333333333341,10.085714285714285,492.35,Ambulatory,2026-01-14,Week 3
46036,Week 3,Wednesday,112,188,8.32,5,370.5,Wheelchair,2026-01-14,Week 3
46036,Week 3,Wednesday,113,387,9.3711111111111105,8.8604761904761915,548.39,Ambulatory,2026-01-14,Week 3
46036,Week 3,Wednesday,114,272,13.16,7,754,Wheelchair,2026-01-14,Week 3
46036,Week 3,Wednesday,115,334,8,6.4942857142857147,507,Ambulatory,2026-01-14,Week 3
46036,Week 3,Wednesday,116,419,11.97583333333333,9.1585714285714275,450.78,Ambulatory,2026-01-14,Week 3
46036,Week 3,Wednesday,117,300,8.211666666666666,9.77,480.44,Ambulatory,2026-01-14,Week 3
46036,Week 3,Wednesday,120,170,8.105833333333333,10,550.46,Wheelchair,2026-01-14,Week 3
46036,Week 3,Wednesday,122,166,8,6.3676190476190477,914.12,Wheelchair,2026-01-14,Week 3
46036,Week 3,Wednesday,123,138,10.432499999999999,3.083333333333333,490,Ambulatory,2026-01-14,Week 3
46036,Week 3,Wednesday,124,143,10.125833333333331,9,538.81000000000006,Wheelchair,2026-01-14,Week 3
46036,Week 3,Wednesday,125,191,8.6752777777777776,6,394.53,Wheelchair,2026-01-14,Week 3
46036,Week 3,Wednesday,126,173,9,8,652,Wheelchair,2026-01-14,Week 3
46036,Week 3,Wednesday,127,237,9.5086111111111116,10.80952380952381,724.81999999999994,Wheelchair,2026-01-14,Week 3
46036,Week 3,Wednesday,128,186,8,7.4366666666666665,468.01,Wheelchair,2026-01-14,Week 3
46036,Week 3,Wednesday,129,83,8.3905555555555562,3,221.5,Wheelchair,2026-01-14,Week 3
46036,Week 3,Wednesday,130,233,8,9.1166666666666671,643,Wheelchair,2026-01-14,Week 3
46036,Week 3,Wednesday,131,221,9.2519444444444439,4.0185714285714287,284.87,Wheelchair,2026-01-14,Week 3
46036,Week 3,Wednesday,132,185,8.3388888888888886,7.2842857142857138,516,Wheelchair,2026-01-14,Week 3
46036,Week 3,Wednesday,133,228,9.0294444444444437,4,386,Wheelchair,2026-01-14,Week 3
46036,Week 3,Wednesday,134,230,8,7,385.40999999999997,Wheelchair,2026-01-14,Week 3
46036,Week 3,Wednesday,135,265,9.2213888888888889,5.7428571428571429,392.47,Wheelchair,2026-01-14,Week 3
46036,Week 3,Wednesday,136,305,10.32527777777778,12.228571428571428,568.96,Ambulatory,2026-01-14,Week 3
46036,Week 3,Wednesday,137,186,8.1061111111111117,5,228.54,Wheelchair,2026-01-14,Week 3
46037,Week 3,Thursday,101,254,13.252222222222223,13,768.21,Wheelchair,2026-01-15,Week 3
46037,Week 3,Thursday,102,143,8.3327777777777783,8,434.90000000000003,Wheelchair,2026-01-15,Week 3
46037,Week 3,Thursday,103,346,10.136111111111109,10.021904761904761,628.87,Wheelchair,2026-01-15,Week 3
46037,Week 3,Thursday,105,228,10,9,571.92999999999995,Wheelchair,2026-01-15,Week 3
46037,Week 3,Thursday,106,241,10.78055555555556,8,444.20000000000005,Wheelchair,2026-01-15,Week 3
46037,Week 3,Thursday,107,285,6.8708333333333336,7.6190476190476186,437,Wheelchair,2026-01-15,Week 3
46037,Week 3,Thursday,108,112,7.6080555555555556,8,518.65,Wheelchair,2026-01-15,Week 3
46037,Week 3,Thursday,109,154,8.1891666666666669,10,748,Wheelchair,2026-01-15,Week 3
46037,Week 3,Thursday,110,273,9.1191666666666666,7.1676190476190476,427,Ambulatory,2026-01-15,Week 3
46037,Week 3,Thursday,112,138,7.59,3,347,Wheelchair,2026-01-15,Week 3
46037,Week 3,Thursday,113,157,7.5466666666666669,5,264.90999999999997,Ambulatory,2026-01-15,Week 3
46037,Week 3,Thursday,114,209,13.319444444444445,8,502.38,Wheelchair,2026-01-15,Week 3
46037,Week 3,Thursday,115,277,9.8158333333333339,7.5709523809523809,421,Ambulatory,2026-01-15,Week 3
46037,Week 3,Thursday,116,486,13.02777777777778,12.448571428571427,539.09,Ambulatory,2026-01-15,Week 3
46037,Week 3,Thursday,117,219,8.3583333333333325,9.1742857142857144,433.93999999999994,Ambulatory,2026-01-15,Week 3
46037,Week 3,Thursday,120,261,10.2475,11,1043.05,Wheelchair,2026-01-15,Week 3
46037,Week 3,Thursday,121,23,0,1,131,Ambulatory,2026-01-15,Week 3
46037,Week 3,Thursday,122,110,7.3977777777777778,8.1195238095238089,1521.3700000000001,Wheelchair,2026-01-15,Week 3
46037,Week 3,Thursday,123,303,9.9813888888888886,8.6223809523809525,1214.0800000000002,Ambulatory,2026-01-15,Week 3
46037,Week 3,Thursday,124,159,8.2536111111111108,6,1270,Wheelchair,2026-01-15,Week 3
46037,Week 3,Thursday,125,128,5.6349999999999998,5,301.16000000000003,Wheelchair,2026-01-15,Week 3
46037,Week 3,Thursday,126,289,11.867222222222221,10.977142857142857,823.87000000000012,Wheelchair,2026-01-15,Week 3
46037,Week 3,Thursday,127,198,10.36222222222222,8,742,Wheelchair,2026-01-15,Week 3
46037,Week 3,Thursday,128,262,8.2911111111111104,9.8376190476190484,472.64000000000004,Wheelchair,2026-01-15,Week 3
46037,Week 3,Thursday,129,159,8.1908333333333339,7,491.7,Wheelchair,2026-01-15,Week 3
46037,Week 3,Thursday,130,120,7.4105555555555558,6,378.6,Wheelchair,2026-01-15,Week 3
46037,Week 3,Thursday,131,198,7.8258333333333336,7,509.7,Wheelchair,2026-01-15,Week 3
46037,Week 3,Thursday,132,176,8.294722222222223,3,153.80000000000001,Wheelchair,2026-01-15,Week 3
46037,Week 3,Thursday,133,181,8,6,371.18,Wheelchair,2026-01-15,Week 3
46037,Week 3,Thursday,134,184,11.05777777777778,9,635,Wheelchair,2026-01-15,Week 3
46037,Week 3,Thursday,135,204,8,8.51,698,Wheelchair,2026-01-15,Week 3
46037,Week 3,Thursday,136,313,10.771944444444451,10.341428571428571,420.76,Ambulatory,2026-01-15,Week 3
46037,Week 3,Thursday,137,170,8.1166666666666671,7,417.5,Wheelchair,2026-01-15,Week 3
46038,Week 3,Friday,101,93,7.9441666666666668,6,375,Wheelchair,2026-01-16,Week 3
46038,Week 3,Friday,102,217,9.0649999999999995,9,715,Wheelchair,2026-01-16,Week 3
46038,Week 3,Friday,103,37,2.628333333333333,1,63,Wheelchair,2026-01-16,Week 3
46038,Week 3,Friday,105,152,8,7,574.16999999999996,Wheelchair,2026-01-16,Week 3
46038,Week 3,Friday,106,213,9.3422222222222224,5,413,Wheelchair,2026-01-16,Week 3
46038,Week 3,Friday,107,189,8.156944444444445,6,418,Wheelchair,2026-01-16,Week 3
46038,Week 3,Friday,108,103,7.7827777777777776,1,51,Wheelchair,2026-01-16,Week 3
46038,Week 3,Friday,109,235,12.810555555555556,6,1541.98,Wheelchair,2026-01-16,Week 3
46038,Week 3,Friday,110,331,10,9.8542857142857141,558.18000000000006,Ambulatory,2026-01-16,Week 3
46038,Week 3,Friday,112,162,7.6816666666666666,1,192,Wheelchair,2026-01-16,Week 3
46038,Week 3,Friday,113,274,9.8977777777777778,8.7604761904761901,508,Ambulatory,2026-01-16,Week 3
46038,Week 3,Friday,114,219,12.629722222222222,8,666,Wheelchair,2026-01-16,Week 3
46038,Week 3,Friday,115,351,8,9.2076190476190476,513.45000000000005,Ambulatory,2026-01-16,Week 3
46038,Week 3,Friday,116,312,8,8.1161904761904751,366.88,Ambulatory,2026-01-16,Week 3
46038,Week 3,Friday,117,283,8.5588888888888892,6.8376190476190484,380,Ambulatory,2026-01-16,Week 3
46038,Week 3,Friday,120,209,11.125555555555559,11,606.79999999999995,Wheelchair,2026-01-16,Week 3
46038,Week 3,Friday,121,484,0,11.405714285714286,1829.9,Ambulatory,2026-01-16,Week 3
46038,Week 3,Friday,122,283,8,11.073809523809523,580.28,Wheelchair,2026-01-16,Week 3
46038,Week 3,Friday,124,232,10.99416666666667,9.0295238095238091,2121.35,Wheelchair,2026-01-16,Week 3
46038,Week 3,Friday,125,225,8,7.32,469.78000000000003,Wheelchair,2026-01-16,Week 3
46038,Week 3,Friday,126,138,9,9,528.27,Wheelchair,2026-01-16,Week 3
46038,Week 3,Friday,128,180,8.6958333333333329,9.2533333333333339,475.31000000000006,Wheelchair,2026-01-16,Week 3
46038,Week 3,Friday,129,159,8.8547222222222217,3,638.62,Wheelchair,2026-01-16,Week 3
46038,Week 3,Friday,130,217,11.5,10,740.67,Wheelchair,2026-01-16,Week 3
46038,Week 3,Friday,131,169,7.2491666666666674,6,410.7,Wheelchair,2026-01-16,Week 3
46038,Week 3,Friday,132,118,8.7863888888888884,3,271,Wheelchair,2026-01-16,Week 3
46038,Week 3,Friday,133,140,8.7269444444444453,6,427,Wheelchair,2026-01-16,Week 3
46038,Week 3,Friday,134,170,9.7747222222222216,8,574,Wheelchair,2026-01-16,Week 3
46038,Week 3,Friday,135,233,8,8.8095238095238102,619,Wheelchair,2026-01-16,Week 3
46038,Week 3,Friday,136,356,10.4825,10.050952380952381,626.51,Ambulatory,2026-01-16,Week 3
46038,Week 3,Friday,137,159,8,8,386.7,Wheelchair,2026-01-16,Week 3
46039,Week 3,Saturday,102,86,8,4,490,Wheelchair,2026-01-17,Week 3
46039,Week 3,Saturday,111,143,8.6694444444444443,5.0409523809523815,355.76,Wheelchair,2026-01-17,Week 3
46039,Week 3,Saturday,120,544,9.044722222222223,6,554,Wheelchair,2026-01-17,Week 3
46039,Week 3,Saturday,122,114,11.465,5,2028,Wheelchair,2026-01-17,Week 3
46039,Week 3,Saturday,124,91,6.9736111111111114,4,343.5,Wheelchair,2026-01-17,Week 3
46041,Week 4,Monday,101,141,7.5525000000000002,6,742,Wheelchair,2026-01-19,Week 4
46041,Week 4,Monday,102,164,8.0574999999999992,7.1919047619047625,627,Wheelchair,2026-01-19,Week 4
46041,Week 4,Monday,103,143,7.65,5,387,Wheelchair,2026-01-19,Week 4
46041,Week 4,Monday,105,138,8,3,423,Wheelchair,2026-01-19,Week 4
46041,Week 4,Monday,106,210,9.5,4,302.47000000000003,Wheelchair,2026-01-19,Week 4
46041,Week 4,Monday,107,212,9.8450000000000006,7,578.24,Wheelchair,2026-01-19,Week 4
46041,Week 4,Monday,108,31,8.2697222222222226,3,270,Wheelchair,2026-01-19,Week 4
46041,Week 4,Monday,109,134,7.81,7.0547619047619046,402.96000000000004,Wheelchair,2026-01-19,Week 4
46041,Week 4,Monday,111,74,1.6225000000000001,1,192,Wheelchair,2026-01-19,Week 4
46041,Week 4,Monday,112,162,7.9719444444444436,3,423,Wheelchair,2026-01-19,Week 4
46041,Week 4,Monday,114,90,6.7566666666666668,6,406.92,Wheelchair,2026-01-19,Week 4
46041,Week 4,Monday,115,300,4.1413888888888888,5.8095238095238093,543,Ambulatory,2026-01-19,Week 4
46041,Week 4,Monday,116,279,7.81,5.9319047619047618,227.14,Ambulatory,2026-01-19,Week 4
46041,Week 4,Monday,121,25,6,1,131,Ambulatory,2026-01-19,Week 4
46041,Week 4,Monday,122,153,8.0927777777777781,8,435.62,Wheelchair,2026-01-19,Week 4
46041,Week 4,Monday,124,171,10.15055555555556,9,772,Wheelchair,2026-01-19,Week 4
46041,Week 4,Monday,126,227,8,6.3690476190476186,425.25,Wheelchair,2026-01-19,Week 4
46041,Week 4,Monday,127,155,6.5566666666666666,5.1490476190476189,985.56,Wheelchair,2026-01-19,Week 4
46041,Week 4,Monday,128,127,8,6,401.59000000000003,Wheelchair,2026-01-19,Week 4
46041,Week 4,Monday,129,60,8,3,405,Wheelchair,2026-01-19,Week 4
46041,Week 4,Monday,130,353,10,10.151904761904762,532.42999999999995,Wheelchair,2026-01-19,Week 4
46041,Week 4,Monday,132,143,8,5,432.85,Wheelchair,2026-01-19,Week 4
46041,Week 4,Monday,133,97,8.7391666666666659,7,523.72,Wheelchair,2026-01-19,Week 4
46041,Week 4,Monday,135,121,8,5,364,Wheelchair,2026-01-19,Week 4
46041,Week 4,Monday,136,213,10.30694444444444,4.190952380952381,263.64999999999998,Ambulatory,2026-01-19,Week 4
46042,Week 4,Tuesday,101,114,8.4836111111111112,6,365.15,Wheelchair,2026-01-20,Week 4
46042,Week 4,Tuesday,102,204,8.4911111111111115,9.4447619047619042,1167,Wheelchair,2026-01-20,Week 4
46042,Week 4,Tuesday,103,170,9,7,529,Wheelchair,2026-01-20,Week 4
46042,Week 4,Tuesday,105,193,8,9.2957142857142863,537.33000000000004,Wheelchair,2026-01-20,Week 4
46042,Week 4,Tuesday,106,101,9.7636111111111106,7.2071428571428573,450.48,Wheelchair,2026-01-20,Week 4
46042,Week 4,Tuesday,107,163,7.3580555555555556,4.6342857142857143,253.76000000000002,Wheelchair,2026-01-20,Week 4
46042,Week 4,Tuesday,108,146,8.0975000000000001,4,423,Wheelchair,2026-01-20,Week 4
46042,Week 4,Tuesday,109,200,9.7122222222222216,7.4861904761904761,682,Wheelchair,2026-01-20,Week 4
46042,Week 4,Tuesday,110,227,8.3552777777777774,6.8571428571428577,399.5,Ambulatory,2026-01-20,Week 4
46042,Week 4,Tuesday,111,161,6.0677777777777777,3,2043,Wheelchair,2026-01-20,Week 4
46042,Week 4,Tuesday,112,229,8.887777777777778,8.6438095238095229,708,Wheelchair,2026-01-20,Week 4
46042,Week 4,Tuesday,114,206,15.16861111111111,8,574.86,Wheelchair,2026-01-20,Week 4
46042,Week 4,Tuesday,115,141,7.1305555555555564,3,122.52,Ambulatory,2026-01-20,Week 4
46042,Week 4,Tuesday,116,391,12.26166666666667,11.391428571428571,576,Ambulatory,2026-01-20,Week 4
46042,Week 4,Tuesday,117,217,8.0069444444444446,6.324761904761905,308.14,Ambulatory,2026-01-20,Week 4
46042,Week 4,Tuesday,120,156,9.5716666666666672,3,403,Wheelchair,2026-01-20,Week 4
46042,Week 4,Tuesday,122,289,8.0841666666666665,8.9728571428571442,523.79,Wheelchair,2026-01-20,Week 4
46042,Week 4,Tuesday,123,269,8,5.1395238095238103,835.27,Ambulatory,2026-01-20,Week 4
46042,Week 4,Tuesday,124,142,7.5619444444444444,4,1720,Wheelchair,2026-01-20,Week 4
46042,Week 4,Tuesday,125,94,5.1533333333333333,6,275.63,Wheelchair,2026-01-20,Week 4
46042,Week 4,Tuesday,126,210,8.9413888888888895,7.32,500,Wheelchair,2026-01-20,Week 4
46042,Week 4,Tuesday,127,243,10,8,569.6,Wheelchair,2026-01-20,Week 4
46042,Week 4,Tuesday,128,178,8.1641666666666666,3,191.54000000000002,Wheelchair,2026-01-20,Week 4
46042,Week 4,Tuesday,129,110,9.2544444444444451,5,442,Wheelchair,2026-01-20,Week 4
46042,Week 4,Tuesday,130,238,10,7.8580952380952382,549,Wheelchair,2026-01-20,Week 4
46042,Week 4,Tuesday,131,177,10.09166666666667,8,668,Wheelchair,2026-01-20,Week 4
46042,Week 4,Tuesday,132,224,8,9.7142857142857153,524,Wheelchair,2026-01-20,Week 4
46042,Week 4,Tuesday,133,248,8.3583333333333325,6.6666666666666661,457,Wheelchair,2026-01-20,Week 4
46042,Week 4,Tuesday,134,123,8.3849999999999998,9,528,Wheelchair,2026-01-20,Week 4
46042,Week 4,Tuesday,135,88,8.1602777777777771,4,353,Wheelchair,2026-01-20,Week 4
46042,Week 4,Tuesday,136,131,10.217499999999999,4,202.16,Ambulatory,2026-01-20,Week 4
46042,Week 4,Tuesday,137,218,9.9547222222222214,7.2095238095238097,379.46,Wheelchair,2026-01-20,Week 4
46043,Week 4,Wednesday,101,141,8.4466666666666672,6,495.86,Wheelchair,2026-01-21,Week 4
46043,Week 4,Wednesday,102,187,10.455555555555559,9,653,Wheelchair,2026-01-21,Week 4
46043,Week 4,Wednesday,103,304,8,8.5238095238095237,558.16,Wheelchair,2026-01-21,Week 4
46043,Week 4,Wednesday,105,133,8.4924999999999997,7,670,Wheelchair,2026-01-21,Week 4
46043,Week 4,Wednesday,106,145,11.07833333333333,7.4528571428571428,337.29999999999995,Wheelchair,2026-01-21,Week 4
46043,Week 4,Wednesday,107,121,8.362222222222222,5,334.71000000000004,Wheelchair,2026-01-21,Week 4
46043,Week 4,Wednesday,108,139,8.2144444444444442,6,439.62,Wheelchair,2026-01-21,Week 4
46043,Week 4,Wednesday,109,301,10,8.8771428571428572,633,Wheelchair,2026-01-21,Week 4
46043,Week 4,Wednesday,110,227,8,5.0247619047619043,327.56,Ambulatory,2026-01-21,Week 4
46043,Week 4,Wednesday,111,153,9.6461111111111109,5,940.14,Wheelchair,2026-01-21,Week 4
46043,Week 4,Wednesday,112,191,8.26,5,393.89,Wheelchair,2026-01-21,Week 4
46043,Week 4,Wednesday,113,377,10.19083333333333,9.7871428571428574,558.42000000000007,Ambulatory,2026-01-21,Week 4
46043,Week 4,Wednesday,114,102,9.7833333333333332,8,480.42999999999995,Wheelchair,2026-01-21,Week 4
46043,Week 4,Wednesday,115,246,7.4680555555555559,6.7366666666666664,431,Ambulatory,2026-01-21,Week 4
46043,Week 4,Wednesday,116,387,12.75472222222222,12.669523809523808,685.16,Ambulatory,2026-01-21,Week 4
46043,Week 4,Wednesday,117,187,8.2424999999999997,7.3580952380952382,429.03000000000003,Ambulatory,2026-01-21,Week 4
46043,Week 4,Wednesday,120,164,8.6144444444444446,6,503,Wheelchair,2026-01-21,Week 4
46043,Week 4,Wednesday,121,22,0,1,108,Ambulatory,2026-01-21,Week 4
46043,Week 4,Wednesday,122,42,8.3511111111111109,5,245.08999999999997,Wheelchair,2026-01-21,Week 4
46043,Week 4,Wednesday,123,167,8,5.4938095238095235,424.12,Ambulatory,2026-01-21,Week 4
46043,Week 4,Wednesday,124,163,10.8325,7,391.34000000000003,Wheelchair,2026-01-21,Week 4
46043,Week 4,Wednesday,125,134,7.9625000000000004,4.0847619047619048,315.34000000000003,Wheelchair,2026-01-21,Week 4
46043,Week 4,Wednesday,126,205,10.005277777777779,9.5157142857142851,665.49,Wheelchair,2026-01-21,Week 4
46043,Week 4,Wednesday,127,155,8.3047222222222228,5,489,Wheelchair,2026-01-21,Week 4
46043,Week 4,Wednesday,128,121,8,4,203.51,Wheelchair,2026-01-21,Week 4
46043,Week 4,Wednesday,129,71,8.1033333333333335,5,285,Wheelchair,2026-01-21,Week 4
46043,Week 4,Wednesday,130,80,8,5,366.27,Wheelchair,2026-01-21,Week 4
46043,Week 4,Wednesday,131,129,8.0069444444444446,5,887,Wheelchair,2026-01-21,Week 4
46043,Week 4,Wednesday,132,96,8.3419444444444437,2,454,Wheelchair,2026-01-21,Week 4
46043,Week 4,Wednesday,133,128,9.7538888888888895,6,464,Wheelchair,2026-01-21,Week 4
46043,Week 4,Wednesday,134,144,8.1911111111111108,5,333.31,Wheelchair,2026-01-21,Week 4
46043,Week 4,Wednesday,135,68,8.0344444444444445,3,292,Wheelchair,2026-01-21,Week 4
46043,Week 4,Wednesday,136,276,10.704444444444441,13.018095238095238,663.55,Ambulatory,2026-01-21,Week 4
46043,Week 4,Wednesday,137,212,9.8516666666666666,7.0409523809523806,503.45,Wheelchair,2026-01-21,Week 4
46044,Week 4,Thursday,102,134,11.340555555555561,8,586,Wheelchair,2026-01-22,Week 4
46044,Week 4,Thursday,103,152,7.8336111111111109,6,346.81,Wheelchair,2026-01-22,Week 4
46044,Week 4,Thursday,105,126,7.7094444444444443,7,485,Wheelchair,2026-01-22,Week 4
46044,Week 4,Thursday,106,74,6.5508333333333333,3,289,Wheelchair,2026-01-22,Week 4
46044,Week 4,Thursday,107,212,7.2441666666666666,4,300,Wheelchair,2026-01-22,Week 4
46044,Week 4,Thursday,108,38,3.7747222222222221,3,170,Wheelchair,2026-01-22,Week 4
46044,Week 4,Thursday,109,133,7.4194444444444443,3,713.36,Wheelchair,2026-01-22,Week 4
46044,Week 4,Thursday,110,236,9.0050000000000008,4,752.50000000000011,Ambulatory,2026-01-22,Week 4
46044,Week 4,Thursday,111,210,8.8969444444444452,5.0314285714285711,1356.78,Wheelchair,2026-01-22,Week 4
46044,Week 4,Thursday,112,127,8.6586111111111119,5,415,Wheelchair,2026-01-22,Week 4
46044,Week 4,Thursday,113,165,4.7091666666666674,4.32,166.89999999999998,Ambulatory,2026-01-22,Week 4
46044,Week 4,Thursday,114,190,9.9911111111111115,6.7619047619047619,340,Wheelchair,2026-01-22,Week 4
46044,Week 4,Thursday,115,233,5.171388888888889,2.7642857142857142,185.15,Ambulatory,2026-01-22,Week 4
46044,Week 4,Thursday,116,318,11.458055555555561,11.67047619047619,611.82000000000005,Ambulatory,2026-01-22,Week 4
46044,Week 4,Thursday,117,230,9.9927777777777784,7,510.89,Ambulatory,2026-01-22,Week 4
46044,Week 4,Thursday,120,215,12.616388888888888,8,1164,Wheelchair,2026-01-22,Week 4
46044,Week 4,Thursday,121,513,10.620000000000001,10.783333333333333,1518.47,Ambulatory,2026-01-22,Week 4
46044,Week 4,Thursday,122,150,9.1563888888888894,6,415.97999999999996,Wheelchair,2026-01-22,Week 4
46044,Week 4,Thursday,123,335,10.19916666666667,6.2980952380952377,886.2299999999999,Ambulatory,2026-01-22,Week 4
46044,Week 4,Thursday,124,133,9.088055555555556,5,1352,Wheelchair,2026-01-22,Week 4
46044,Week 4,Thursday,125,138,6.7213888888888889,6.2533333333333339,343,Wheelchair,2026-01-22,Week 4
46044,Week 4,Thursday,126,120,11.272222222222222,7,383.45,Wheelchair,2026-01-22,Week 4
46044,Week 4,Thursday,127,128,7.3472222222222223,5,382,Wheelchair,2026-01-22,Week 4
46044,Week 4,Thursday,128,162,8.8538888888888891,8,600,Wheelchair,2026-01-22,Week 4
46044,Week 4,Thursday,129,191,8.5686111111111103,5.5238095238095237,605,Wheelchair,2026-01-22,Week 4
46044,Week 4,Thursday,130,132,10.73055555555556,7,472.58,Wheelchair,2026-01-22,Week 4
46044,Week 4,Thursday,131,137,8.9819444444444443,7,443.69,Wheelchair,2026-01-22,Week 4
46044,Week 4,Thursday,132,167,7.9380555555555556,1,92,Wheelchair,2026-01-22,Week 4
46044,Week 4,Thursday,133,180,8.1780555555555559,6.1904761904761907,381.92,Wheelchair,2026-01-22,Week 4
46044,Week 4,Thursday,134,234,11.255000000000001,7,487.01,Wheelchair,2026-01-22,Week 4
46044,Week 4,Thursday,135,134,9.14,5,359.76,Wheelchair,2026-01-22,Week 4
46044,Week 4,Thursday,136,254,10.430833333333331,5.0890476190476193,290,Ambulatory,2026-01-22,Week 4
46045,Week 4,Friday,102,145,8.6369444444444436,7,475.06,Wheelchair,2026-01-23,Week 4
46045,Week 4,Friday,103,282,10,9.4795238095238101,649.51,Wheelchair,2026-01-23,Week 4
46045,Week 4,Friday,105,155,8.8725000000000005,4,442,Wheelchair,2026-01-23,Week 4
46045,Week 4,Friday,106,168,9.2555555555555564,5,397.23,Wheelchair,2026-01-23,Week 4
46045,Week 4,Friday,107,157,8.1669444444444448,6,476,Wheelchair,2026-01-23,Week 4
46045,Week 4,Friday,108,100,7.9555555555555557,6,461.5,Wheelchair,2026-01-23,Week 4
46045,Week 4,Friday,109,117,7.8836111111111107,5,483,Wheelchair,2026-01-23,Week 4
46045,Week 4,Friday,110,79,4.6711111111111112,2,106.3,Ambulatory,2026-01-23,Week 4
46045,Week 4,Friday,111,142,8.0627777777777769,6,1139,Wheelchair,2026-01-23,Week 4
46045,Week 4,Friday,112,227,9.3827777777777772,6,577,Wheelchair,2026-01-23,Week 4
46045,Week 4,Friday,113,127,9.7086111111111109,7,354.51,Ambulatory,2026-01-23,Week 4
46045,Week 4,Friday,114,159,10.5,7,496.34000000000003,Wheelchair,2026-01-23,Week 4
46045,Week 4,Friday,115,250,8.1030555555555548,6.8376190476190484,354.15999999999997,Ambulatory,2026-01-23,Week 4
46045,Week 4,Friday,116,363,9.6658333333333335,8.9347619047619045,508.62,Ambulatory,2026-01-23,Week 4
46045,Week 4,Friday,117,212,7.927777777777778,5,214.24,Ambulatory,2026-01-23,Week 4
46045,Week 4,Friday,120,166,8,5.2095238095238097,424,Wheelchair,2026-01-23,Week 4
46045,Week 4,Friday,121,334,0,5.048571428571428,698,Ambulatory,2026-01-23,Week 4
46045,Week 4,Friday,122,134,6.9505555555555558,6,339.54,Wheelchair,2026-01-23,Week 4
46045,Week 4,Friday,123,257,8,9.9961904761904776,843.2,Ambulatory,2026-01-23,Week 4
46045,Week 4,Friday,124,235,10,7.347142857142857,1541.75,Wheelchair,2026-01-23,Week 4
46045,Week 4,Friday,125,99,8.6611111111111114,6,491,Wheelchair,2026-01-23,Week 4
46045,Week 4,Friday,127,120,5,3,180,Wheelchair,2026-01-23,Week 4
46045,Week 4,Friday,128,173,9.9219444444444438,6,620,Wheelchair,2026-01-23,Week 4
46045,Week 4,Friday,129,133,9.6327777777777772,2,95,Wheelchair,2026-01-23,Week 4
46045,Week 4,Friday,130,184,10.305555555555561,5.309047619047619,594,Wheelchair,2026-01-23,Week 4
46045,Week 4,Friday,133,201,9.0861111111111104,7,534.56999999999994,Wheelchair,2026-01-23,Week 4
46045,Week 4,Friday,134,103,10.02777777777778,3,239,Wheelchair,2026-01-23,Week 4
46045,Week 4,Friday,135,146,8.0274999999999999,5,444,Wheelchair,2026-01-23,Week 4
46045,Week 4,Friday,136,286,10.12805555555556,9.7590476190476192,395.18,Ambulatory,2026-01-23,Week 4
46045,Week 4,Friday,137,164,6.6074999999999999,5.6190476190476186,366,Wheelchair,2026-01-23,Week 4
46046,Week 4,Friday,102,78,8.6997222222222224,3,556,Wheelchair,2026-01-24,Week 4
46046,Week 4,Friday,109,103,7.3219444444444441,5,874.18000000000006,Wheelchair,2026-01-24,Week 4
46046,Week 4,Friday,123,73,2.62,3,240.19,Ambulatory,2026-01-24,Week 4
46046,Week 4,Friday,124,31,1.9288888888888891,2,124.1,Wheelchair,2026-01-24,Week 4
46046,Week 4,Friday,130,95,7.3366666666666669,5,511,Wheelchair,2026-01-24,Week 4
46048,Week 5,Monday,102,171,8.6258333333333326,10.633333333333333,626.48,Wheelchair,2026-01-26,Week 5
46048,Week 5,Monday,103,231,7.8483333333333336,4,469,Wheelchair,2026-01-26,Week 5
46048,Week 5,Monday,105,201,8.8000000000000007,11,875,Wheelchair,2026-01-26,Week 5
46048,Week 5,Monday,106,146,8.1730555555555551,4,355,Wheelchair,2026-01-26,Week 5
46048,Week 5,Monday,107,186,10.576111111111111,10,735.55000000000007,Wheelchair,2026-01-26,Week 5
46048,Week 5,Monday,108,200,9.3266666666666662,8,585.53,Wheelchair,2026-01-26,Week 5
46048,Week 5,Monday,109,150,7.536944444444444,8,533,Wheelchair,2026-01-26,Week 5
46048,Week 5,Monday,110,229,8.6999999999999993,9,569.80999999999995,Ambulatory,2026-01-26,Week 5
46048,Week 5,Monday,112,251,9.2891666666666666,7.6138095238095236,616,Wheelchair,2026-01-26,Week 5
46048,Week 5,Monday,113,189,8,8,390.81,Ambulatory,2026-01-26,Week 5
46048,Week 5,Monday,114,195,8,4.7285714285714286,413,Wheelchair,2026-01-26,Week 5
46048,Week 5,Monday,115,264,8.9077777777777776,9.5490476190476201,431.58,Ambulatory,2026-01-26,Week 5
46048,Week 5,Monday,116,253,8.5141666666666662,6,598.95000000000005,Ambulatory,2026-01-26,Week 5
46048,Week 5,Monday,117,382,10.13833333333333,12.053333333333331,628.38,Ambulatory,2026-01-26,Week 5
46048,Week 5,Monday,120,281,9.6,11.515714285714285,707,Wheelchair,2026-01-26,Week 5
46048,Week 5,Monday,122,40,8,7.3276190476190477,498.2,Wheelchair,2026-01-26,Week 5
46048,Week 5,Monday,123,124,8.5,6,515.76,Ambulatory,2026-01-26,Week 5
46048,Week 5,Monday,124,260,14.426666666666668,9,745,Wheelchair,2026-01-26,Week 5
46048,Week 5,Monday,125,285,10,10.38095238095238,641.6400000000001,Wheelchair,2026-01-26,Week 5
46048,Week 5,Monday,126,263,7.9111111111111114,12.29,968.36000000000013,Wheelchair,2026-01-26,Week 5
46048,Week 5,Monday,127,235,10.83583333333333,10,1009.5400000000001,Wheelchair,2026-01-26,Week 5
46048,Week 5,Monday,128,318,11.79361111111111,10.046190476190475,855,Wheelchair,2026-01-26,Week 5
46048,Week 5,Monday,129,231,9,10.083333333333332,783,Wheelchair,2026-01-26,Week 5
46048,Week 5,Monday,130,214,10.33527777777778,7.7333333333333334,518,Wheelchair,2026-01-26,Week 5
46048,Week 5,Monday,132,92,7.915,6,447,Wheelchair,2026-01-26,Week 5
46048,Week 5,Monday,133,128,8.1563888888888894,7.2676190476190472,437,Wheelchair,2026-01-26,Week 5
46048,Week 5,Monday,134,216,8,8,658.21,Wheelchair,2026-01-26,Week 5
46048,Week 5,Monday,136,333,10.875833333333331,9.0038095238095242,542.77,Ambulatory,2026-01-26,Week 5
46048,Week 5,Monday,137,294,11.731666666666666,9,769,Wheelchair,2026-01-26,Week 5
46049,Week 5,Tuesday,102,128,8,7,533,Wheelchair,2026-01-27,Week 5
46049,Week 5,Tuesday,103,172,10.31833333333333,6,457,Wheelchair,2026-01-27,Week 5
46049,Week 5,Tuesday,105,115,8.7469444444444449,8,455.19,Wheelchair,2026-01-27,Week 5
46049,Week 5,Tuesday,106,83,9.4413888888888895,6.7695238095238093,1353,Wheelchair,2026-01-27,Week 5
46049,Week 5,Tuesday,107,133,7.4888888888888889,6.1757142857142853,374.87,Wheelchair,2026-01-27,Week 5
46049,Week 5,Tuesday,108,145,8.0724999999999998,4,688,Wheelchair,2026-01-27,Week 5
46049,Week 5,Tuesday,109,100,6.1280555555555551,5,889.48,Wheelchair,2026-01-27,Week 5
46049,Week 5,Tuesday,110,283,8,7.2157142857142853,401.27000000000004,Ambulatory,2026-01-27,Week 5
46049,Week 5,Tuesday,112,155,9.4774999999999991,7,518,Wheelchair,2026-01-27,Week 5
46049,Week 5,Tuesday,114,252,13.061666666666667,10,674.48,Wheelchair,2026-01-27,Week 5
46049,Week 5,Tuesday,116,346,12.64,8.7614285714285707,603.81000000000006,Ambulatory,2026-01-27,Week 5
46049,Week 5,Tuesday,117,116,3.891944444444444,4.1409523809523812,137.55000000000001,Ambulatory,2026-01-27,Week 5
46049,Week 5,Tuesday,120,159,10.784166666666669,6,453.53,Wheelchair,2026-01-27,Week 5
46049,Week 5,Tuesday,121,496,0,12.518095238095237,1769.77,Ambulatory,2026-01-27,Week 5
46049,Week 5,Tuesday,122,375,7.9452777777777781,5.0476190476190474,1878,Wheelchair,2026-01-27,Week 5
46049,Week 5,Tuesday,123,99,7.2766666666666664,5,551,Ambulatory,2026-01-27,Week 5
46049,Week 5,Tuesday,124,143,9,8,1242,Wheelchair,2026-01-27,Week 5
46049,Week 5,Tuesday,125,79,6.8769444444444447,4,246.8,Wheelchair,2026-01-27,Week 5
46049,Week 5,Tuesday,126,90,8,6,523,Wheelchair,2026-01-27,Week 5
46049,Week 5,Tuesday,127,121,7.3077777777777779,5,446,Wheelchair,2026-01-27,Week 5
46049,Week 5,Tuesday,128,206,8,7,547.54999999999995,Wheelchair,2026-01-27,Week 5
46049,Week 5,Tuesday,129,95,9.5050000000000008,6,519,Wheelchair,2026-01-27,Week 5
46049,Week 5,Tuesday,130,130,10,7,821,Wheelchair,2026-01-27,Week 5
46049,Week 5,Tuesday,131,190,9.9638888888888886,8,655,Wheelchair,2026-01-27,Week 5
46049,Week 5,Tuesday,132,126,7.8561111111111108,5,484,Wheelchair,2026-01-27,Week 5
46049,Week 5,Tuesday,133,89,8.1877777777777769,6,437,Wheelchair,2026-01-27,Week 5
46049,Week 5,Tuesday,134,88,5.8030555555555559,2,234,Wheelchair,2026-01-27,Week 5
46049,Week 5,Tuesday,136,95,10.36944444444444,5,294.29999999999995,Ambulatory,2026-01-27,Week 5
46049,Week 5,Tuesday,137,170,10,7.4761904761904763,524.91,Wheelchair,2026-01-27,Week 5
46049,Week 5,Tuesday,777,89,7.4719444444444436,3,148.04,Wheelchair,2026-01-27,Week 5
46050,Week 5,Wednesday,102,225,9.8794444444444434,10.809999999999999,586.46,Wheelchair,2026-01-28,Week 5
46050,Week 5,Wednesday,103,124,8.4288888888888884,8,596,Wheelchair,2026-01-28,Week 5
46050,Week 5,Wednesday,105,131,8.788333333333334,10,580.3599999999999,Wheelchair,2026-01-28,Week 5
46050,Week 5,Wednesday,106,189,9.4124999999999996,6,425.69,Wheelchair,2026-01-28,Week 5
46050,Week 5,Wednesday,107,138,7.6955555555555559,6,377.51,Wheelchair,2026-01-28,Week 5
46050,Week 5,Wednesday,108,107,7.2555555555555564,5,362.5,Wheelchair,2026-01-28,Week 5
46050,Week 5,Wednesday,109,96,7.9924999999999997,8,652,Wheelchair,2026-01-28,Week 5
46050,Week 5,Wednesday,110,250,8.9550000000000001,6.2733333333333334,367.68,Ambulatory,2026-01-28,Week 5
46050,Week 5,Wednesday,112,211,8.5405555555555548,7.41,519.91000000000008,Wheelchair,2026-01-28,Week 5
46050,Week 5,Wednesday,113,267,9.8933333333333326,7.0476190476190474,293.65999999999997,Ambulatory,2026-01-28,Week 5
46050,Week 5,Wednesday,114,301,10.874166666666666,7.6666666666666661,612,Wheelchair,2026-01-28,Week 5
46050,Week 5,Wednesday,115,205,8.4947222222222223,8.3890476190476182,352.32,Ambulatory,2026-01-28,Week 5
46050,Week 5,Wednesday,116,475,12.79777777777778,13.306666666666667,712.56999999999994,Ambulatory,2026-01-28,Week 5
46050,Week 5,Wednesday,117,441,8,11.729523809523808,493.06,Ambulatory,2026-01-28,Week 5
46050,Week 5,Wednesday,120,142,8,9,1029.02,Wheelchair,2026-01-28,Week 5
46050,Week 5,Wednesday,121,61,5.1205555555555557,2,150.34,Ambulatory,2026-01-28,Week 5
46050,Week 5,Wednesday,122,199,10.849722222222219,6,383.44,Wheelchair,2026-01-28,Week 5
46050,Week 5,Wednesday,123,250,9.9697222222222219,9,1094.5,Ambulatory,2026-01-28,Week 5
46050,Week 5,Wednesday,124,208,10.946666666666671,10.356666666666666,546.47,Wheelchair,2026-01-28,Week 5
46050,Week 5,Wednesday,125,104,8,7,363.99,Wheelchair,2026-01-28,Week 5
46050,Week 5,Wednesday,126,202,7.9608333333333334,5.2095238095238097,415,Wheelchair,2026-01-28,Week 5
46050,Week 5,Wednesday,127,107,8.6374999999999993,7,641,Wheelchair,2026-01-28,Week 5
46050,Week 5,Wednesday,128,164,8.0883333333333329,9,580.51,Wheelchair,2026-01-28,Week 5
46050,Week 5,Wednesday,129,177,9.0875000000000004,6,562,Wheelchair,2026-01-28,Week 5
46050,Week 5,Wednesday,130,163,8,10.207142857142857,539.30999999999995,Wheelchair,2026-01-28,Week 5
46050,Week 5,Wednesday,131,234,7.6708333333333334,6.9380952380952383,1594.6399999999999,Wheelchair,2026-01-28,Week 5
46050,Week 5,Wednesday,132,97,8.3066666666666666,5,323,Wheelchair,2026-01-28,Week 5
46050,Week 5,Wednesday,133,148,9.0211111111111109,7,355.41,Wheelchair,2026-01-28,Week 5
46050,Week 5,Wednesday,134,117,9.725833333333334,8,643,Wheelchair,2026-01-28,Week 5
46050,Week 5,Wednesday,135,174,8,6,497,Wheelchair,2026-01-28,Week 5
46050,Week 5,Wednesday,136,273,10.635555555555561,10.564761904761905,498.5,Ambulatory,2026-01-28,Week 5
46050,Week 5,Wednesday,137,193,10.778611111111109,7,532,Wheelchair,2026-01-28,Week 5
46050,Week 5,Wednesday,777,82,9.3866666666666667,8.091904761904761,469.13,Wheelchair,2026-01-28,Week 5
46051,Week 5,Thursday,102,185,8.219444444444445,3,1064.83,Wheelchair,2026-01-29,Week 5
46051,Week 5,Thursday,103,183,8.0225000000000009,5,456,Wheelchair,2026-01-29,Week 5
46051,Week 5,Thursday,105,163,7.8444444444444441,6.5771428571428565,375.67,Wheelchair,2026-01-29,Week 5
46051,Week 5,Thursday,106,241,10.648055555555549,6.0276190476190479,359.95000000000005,Wheelchair,2026-01-29,Week 5
46051,Week 5,Thursday,107,236,8.3752777777777769,5.4942857142857147,369,Wheelchair,2026-01-29,Week 5
46051,Week 5,Thursday,108,158,8.6522222222222229,8,601,Wheelchair,2026-01-29,Week 5
46051,Week 5,Thursday,109,307,11.528611111111111,8.4057142857142857,789.89,Wheelchair,2026-01-29,Week 5
46051,Week 5,Thursday,110,388,9.5547222222222228,10.346190476190477,527.64,Ambulatory,2026-01-29,Week 5
46051,Week 5,Thursday,111,279,8,8.8571428571428577,1634.98,Wheelchair,2026-01-29,Week 5
46051,Week 5,Thursday,112,152,9.6894444444444439,8,554.13,Wheelchair,2026-01-29,Week 5
46051,Week 5,Thursday,113,238,7.2622222222222224,9.0876190476190466,359.57,Ambulatory,2026-01-29,Week 5
46051,Week 5,Thursday,114,288,12.704166666666667,10.80952380952381,700,Wheelchair,2026-01-29,Week 5
46051,Week 5,Thursday,116,436,12.32527777777778,13.697619047619046,574.32999999999993,Ambulatory,2026-01-29,Week 5
46051,Week 5,Thursday,117,337,10.669166666666669,11.627619047619046,585.98,Ambulatory,2026-01-29,Week 5
46051,Week 5,Thursday,120,265,10.038611111111109,9.2095238095238088,579,Wheelchair,2026-01-29,Week 5
46051,Week 5,Thursday,121,54,1.4163888888888889,1,214,Ambulatory,2026-01-29,Week 5
46051,Week 5,Thursday,122,107,7.6050000000000004,7,474.71,Wheelchair,2026-01-29,Week 5
46051,Week 5,Thursday,123,146,8,4,465.65999999999997,Ambulatory,2026-01-29,Week 5
46051,Week 5,Thursday,124,151,9.1830555555555566,8,562,Wheelchair,2026-01-29,Week 5
46051,Week 5,Thursday,125,90,8,6,260.86,Wheelchair,2026-01-29,Week 5
46051,Week 5,Thursday,126,158,11.085833333333333,6,490,Wheelchair,2026-01-29,Week 5
46051,Week 5,Thursday,127,228,16.215,12.952380952380953,751.91,Wheelchair,2026-01-29,Week 5
46051,Week 5,Thursday,128,188,8.3844444444444441,9.9414285714285722,479.94,Wheelchair,2026-01-29,Week 5
46051,Week 5,Thursday,129,170,8,9.0652380952380955,556.76,Wheelchair,2026-01-29,Week 5
46051,Week 5,Thursday,130,196,10,12.194285714285714,747.1,Wheelchair,2026-01-29,Week 5
46051,Week 5,Thursday,131,270,8.4780555555555548,8.1004761904761899,471.05,Wheelchair,2026-01-29,Week 5
46051,Week 5,Thursday,132,146,8,7,442.46000000000004,Wheelchair,2026-01-29,Week 5
46051,Week 5,Thursday,133,115,8.5530555555555559,8,413.19,Wheelchair,2026-01-29,Week 5
46051,Week 5,Thursday,134,174,9.7652777777777775,8,520.5100000000001,Wheelchair,2026-01-29,Week 5
46051,Week 5,Thursday,135,223,8.0563888888888897,8.793333333333333,617.01,Wheelchair,2026-01-29,Week 5
46051,Week 5,Thursday,136,459,11.11055555555556,12.490952380952381,579.35,Ambulatory,2026-01-29,Week 5
46051,Week 5,Thursday,137,121,8.4302777777777784,7,443,Wheelchair,2026-01-29,Week 5
46052,Week 5,Friday,102,185,10,9,1066,Wheelchair,2026-01-30,Week 5
46052,Week 5,Friday,103,198,8.4847222222222225,9.2071428571428573,605.5,Wheelchair,2026-01-30,Week 5
46052,Week 5,Friday,105,120,8.4608333333333334,10,658.40000000000009,Wheelchair,2026-01-30,Week 5
46052,Week 5,Friday,106,124,9.3211111111111116,4,190.71,Wheelchair,2026-01-30,Week 5
46052,Week 5,Friday,107,143,6.8483333333333336,7,466.23,Wheelchair,2026-01-30,Week 5
46052,Week 5,Friday,108,82,7.0980555555555558,4,251,Wheelchair,2026-01-30,Week 5
46052,Week 5,Friday,109,101,5.7283333333333326,7,303.40999999999997,Wheelchair,2026-01-30,Week 5
46052,Week 5,Friday,110,223,8.3786111111111108,6.8376190476190484,282.96000000000004,Ambulatory,2026-01-30,Week 5
46052,Week 5,Friday,111,212,8.8897222222222219,9.6671428571428581,1615.52,Wheelchair,2026-01-30,Week 5
46052,Week 5,Friday,112,142,5.9097222222222223,4,611.67999999999995,Wheelchair,2026-01-30,Week 5
46052,Week 5,Friday,113,365,10.513888888888889,11.88,617.22,Ambulatory,2026-01-30,Week 5
46052,Week 5,Friday,114,358,13.42611111111111,7.9047619047619051,520,Wheelchair,2026-01-30,Week 5
46052,Week 5,Friday,115,321,8,9.2652380952380948,406.78,Ambulatory,2026-01-30,Week 5
46052,Week 5,Friday,116,215,10.685277777777779,8.0776190476190486,377.06000000000006,Ambulatory,2026-01-30,Week 5
46052,Week 5,Friday,117,201,7.1711111111111112,6.0809523809523807,262.72000000000003,Ambulatory,2026-01-30,Week 5
46052,Week 5,Friday,120,147,8.280555555555555,8,571.67000000000007,Wheelchair,2026-01-30,Week 5
46052,Week 5,Friday,121,366,6.6197222222222223,8.9961904761904758,1242.48,Ambulatory,2026-01-30,Week 5
46052,Week 5,Friday,122,183,9.0252777777777773,8.1695238095238096,1206,Wheelchair,2026-01-30,Week 5
46052,Week 5,Friday,123,300,8.081666666666667,7.6038095238095238,1144.4299999999998,Ambulatory,2026-01-30,Week 5
46052,Week 5,Friday,124,251,9.7486111111111118,9.1733333333333338,634,Wheelchair,2026-01-30,Week 5
46052,Week 5,Friday,126,177,8.9194444444444443,7,487,Wheelchair,2026-01-30,Week 5
46052,Week 5,Friday,128,144,8,9,555.79,Wheelchair,2026-01-30,Week 5
46052,Week 5,Friday,129,75,9.5005555555555556,2,144.5,Wheelchair,2026-01-30,Week 5
46052,Week 5,Friday,130,177,10.746111111111111,6,523.58000000000004,Wheelchair,2026-01-30,Week 5
46052,Week 5,Friday,131,204,7.3197222222222216,7.293333333333333,515,Wheelchair,2026-01-30,Week 5
46052,Week 5,Friday,132,121,8.7102777777777778,4,320,Wheelchair,2026-01-30,Week 5
46052,Week 5,Friday,133,106,8.6669444444444448,8,424.37000000000006,Wheelchair,2026-01-30,Week 5
46052,Week 5,Friday,134,193,10.058611111111111,8.2095238095238088,588.98,Wheelchair,2026-01-30,Week 5
46052,Week 5,Friday,135,213,8.0386111111111109,6,564,Wheelchair,2026-01-30,Week 5
46052,Week 5,Friday,136,405,10.402222222222219,10.564761904761905,652,Ambulatory,2026-01-30,Week 5
46052,Week 5,Friday,137,214,10.84138888888889,7.8542857142857141,369.12,Wheelchair,2026-01-30,Week 5
46053,Week 5,Saturday,102,100,7.9188888888888886,4,754.39,Wheelchair,2026-01-31,Week 5
46053,Week 5,Saturday,109,21,4,2,131.19,Wheelchair,2026-01-31,Week 5
46053,Week 5,Saturday,120,102,6.5441666666666656,7,594,Wheelchair,2026-01-31,Week 5
46053,Week 5,Saturday,122,102,7.7575000000000003,5,520,Wheelchair,2026-01-31,Week 5
46053,Week 5,Saturday,126,64,7.3672222222222219,3,217.7,Wheelchair,2026-01-31,Week 5
